<?xml version="1.0" encoding="UTF-8"?>
<project-private xmlns="http://www.netbeans.org/ns/project-private/1">
    <editor-bookmarks xmlns="http://www.netbeans.org/ns/editor-bookmarks/2" lastBookmarkId="0"/>
    <open-files xmlns="http://www.netbeans.org/ns/projectui-open-files/2">
        <group>
            <file>file:/Users/3rdyearaccount/Desktop/Alorro/SQA1/src/sqa1/testcases/A1.out</file>
            <file>file:/Users/3rdyearaccount/Desktop/Alorro/SQA1/test/sqa1/SQA1Test.java</file>
            <file>file:/Users/3rdyearaccount/Desktop/Alorro/SQA1/src/sqa1/SQA1.java</file>
            <file>file:/Users/3rdyearaccount/Desktop/Alorro/SQA1/src/sqa1/testcases/A1.in</file>
            <file>file:/Users/3rdyearaccount/Desktop/Alorro/SQA1/src/sqa1/testcases/A2.in</file>
            <file>file:/Users/3rdyearaccount/Desktop/Alorro/SQA1/src/sqa1/testcases/A2.out</file>
            <file>file:/Users/3rdyearaccount/Desktop/Alorro/SQA1/src/sqa1/testcases/A3.in</file>
            <file>file:/Users/3rdyearaccount/Desktop/Alorro/SQA1/src/sqa1/testcases/A3.out</file>
        </group>
    </open-files>
</project-private>
